Apple iPhone 6s Plus (Space Grey, 16 GB);₹29,990
Apple iPhone 6s Plus (Space Grey, 16 GB);₹29,990
Apple iPhone 6s Plus (Space Grey, 16 GB);₹29,990
Apple iPhone 6s Plus (Space Grey, 16 GB);₹29,990
Apple iPhone 6s Plus (Space Grey, 16 GB);₹29,990
Apple iPhone 6s Plus (Space Grey, 16 GB);₹29,990
Apple iPhone 6s Plus (Space Grey, 16 GB);₹29,990
Apple iPhone 6s Plus (Space Grey, 16 GB);₹29,990
Apple iPhone 6s Plus (Space Grey, 16 GB);₹29,990
Apple iPhone 6s Plus (Space Grey, 16 GB);₹29,990
Apple iPhone 6s Plus (Space Grey, 16 GB);₹29,990
Apple iPhone 6s Plus (Space Grey, 16 GB);₹29,990
Apple iPhone 6s Plus (Space Grey, 16 GB);₹29,990
Apple iPhone 6s Plus (Space Grey, 16 GB);₹29,990
Apple iPhone 6s Plus (Space Grey, 16 GB);₹29,990
Apple iPhone 6s Plus (Space Grey, 16 GB);₹29,990
Apple iPhone 6s Plus (Space Grey, 16 GB);₹29,990
Apple iPhone 6s Plus (Space Grey, 16 GB);₹29,990
Apple iPhone 6s Plus (Space Grey, 16 GB);₹29,990
Apple iPhone 6s Plus (Space Grey, 16 GB);₹29,990
Apple iPhone 6s Plus (Space Grey, 16 GB);₹29,990
Apple iPhone 6s Plus (Space Grey, 16 GB);₹29,990
Apple iPhone 6s Plus (Space Grey, 16 GB);₹29,990
Apple iPhone 6s Plus (Space Grey, 16 GB);₹29,990
